Inferring neural population dynamics from multiple partial recordings of the same neural circuit,"Srini Turaga, Lars Buesing, Adam M. Packer, Henry Dalgleish, Noah Pettit, Michael Hausser, Jakob H. Macke",https://proceedings.neurips.cc/paper/2013/hash/01386bd6d8e091c2ab4c7c7de644d37b-Abstract.html
Approximate Gaussian process inference for the drift function in stochastic differential equations,"Andreas Ruttor, Philipp Batz, Manfred Opper",https://proceedings.neurips.cc/paper/2013/hash/021bbc7ee20b71134d53e20206bd6feb-Abstract.html
"Third-Order Edge Statistics: Contour Continuation, Curvature, and Cortical Connections","Matthew Lawlor, Steven W. Zucker",https://proceedings.neurips.cc/paper/2013/hash/024d7f84fff11dd7e8d9c510137a2381-Abstract.html
Transportability from Multiple Environments with Limited Experiments,"Elias Bareinboim, Sanghack Lee, Vasant Honavar, Judea Pearl",https://proceedings.neurips.cc/paper/2013/hash/02522a2b2726fb0a03bb19f2d8d9524d-Abstract.html
On model selection consistency of penalized M-estimators: a geometric theory,"Jason D. Lee, Yuekai Sun, Jonathan E. Taylor",https://proceedings.neurips.cc/paper/2013/hash/0266e33d3f546cb5436a10798e657d97-Abstract.html
Robust Bloom Filters for Large MultiLabel Classification Tasks,"Moustapha M. Cisse, Nicolas Usunier, Thierry Artières, Patrick Gallinari",https://proceedings.neurips.cc/paper/2013/hash/043c3d7e489c69b48737cc0c92d0f3a2-Abstract.html
"On the Relationship Between Binary Classification, Bipartite Ranking, and Binary Class Probability Estimation","Harikrishna Narasimhan, Shivani Agarwal",https://proceedings.neurips.cc/paper/2013/hash/05311655a15b75fab86956663e1819cd-Abstract.html
Sequential Transfer in Multi-armed Bandit with Finite Set of Models,"Mohammad Gheshlaghi azar, Alessandro Lazaric, Emma Brunskill",https://proceedings.neurips.cc/paper/2013/hash/062ddb6c727310e76b6200b7c71f63b5-Abstract.html
A Graphical Transformation for Belief Propagation: Maximum Weight Matchings and Odd-Sized Cycles,"Jinwoo Shin, Andrew E. Gelfand, Misha Chertkov",https://proceedings.neurips.cc/paper/2013/hash/0768281a05da9f27df178b5c39a51263-Abstract.html
A Kernel Test for Three-Variable Interactions,"Dino Sejdinovic, Arthur Gretton, Wicher Bergsma",https://proceedings.neurips.cc/paper/2013/hash/076a0c97d09cf1a0ec3e19c7f2529f2b-Abstract.html
Accelerated Mini-Batch Stochastic Dual Coordinate Ascent,"Shai Shalev-Shwartz, Tong Zhang",https://proceedings.neurips.cc/paper/2013/hash/077e29b11be80ab57e1a2ecabb7da330-Abstract.html
A Scalable Approach to Probabilistic Latent Space Inference of Large-Scale Networks,"Junming Yin, Qirong Ho, Eric P. Xing",https://proceedings.neurips.cc/paper/2013/hash/07cdfd23373b17c6b337251c22b7ea57-Abstract.html
Multi-Prediction Deep Boltzmann Machines,"Ian Goodfellow, Mehdi Mirza, Aaron Courville, Yoshua Bengio",https://proceedings.neurips.cc/paper/2013/hash/0bb4aec1710521c12ee76289d9440817-Abstract.html
Learning and using language via recursive pragmatic reasoning about other agents,"Nathaniel J. Smith, Noah Goodman, Michael Frank",https://proceedings.neurips.cc/paper/2013/hash/0c0a7566915f4f24853fc4192689aa7e-Abstract.html
Reinforcement Learning in Robust Markov Decision Processes,"Shiau Hong Lim, Huan Xu, Shie Mannor",https://proceedings.neurips.cc/paper/2013/hash/0deb1c54814305ca9ad266f53bc82511-Abstract.html
Regularized Spectral Clustering under the Degree-Corrected Stochastic Blockmodel,"Tai Qin, Karl Rohe",https://proceedings.neurips.cc/paper/2013/hash/0ed9422357395a0d4879191c66f4faa2-Abstract.html
A Novel Two-Step Method for Cross Language Representation Learning,"Min Xiao, Yuhong Guo",https://proceedings.neurips.cc/paper/2013/hash/0ff39bbbf981ac0151d340c9aa40e63e-Abstract.html
Graphical Models for Inference with Missing Data,"Karthika Mohan, Judea Pearl, Jin Tian",https://proceedings.neurips.cc/paper/2013/hash/0ff8033cf9437c213ee13937b1c4c455-Abstract.html
Convex Tensor Decomposition via Structured Schatten Norm Regularization,"Ryota Tomioka, Taiji Suzuki",https://proceedings.neurips.cc/paper/2013/hash/109a0ca3bc27f3e96597370d5c8cf03d-Abstract.html
Variational Inference for Mahalanobis Distance Metrics in Gaussian Process Regression,"Michalis Titsias RC AUEB, Miguel Lazaro-Gredilla",https://proceedings.neurips.cc/paper/2013/hash/115f89503138416a242f40fb7d7f338e-Abstract.html
Efficient Online Inference for Bayesian Nonparametric Relational Models,"Dae Il Kim, Prem K. Gopalan, David Blei, Erik Sudderth",https://proceedings.neurips.cc/paper/2013/hash/13f320e7b5ead1024ac95c3b208610db-Abstract.html
Convergence of Monte Carlo Tree Search in Simultaneous Move Games,"Viliam Lisy, Vojta Kovarik, Marc Lanctot, Branislav Bosansky",https://proceedings.neurips.cc/paper/2013/hash/1579779b98ce9edb98dd85606f2c119d-Abstract.html
Learning to Pass Expectation Propagation Messages,"Nicolas Heess, Daniel Tarlow, John Winn",https://proceedings.neurips.cc/paper/2013/hash/1714726c817af50457d810aae9d27a2e-Abstract.html
Bayesian Inference and Online Experimental Design for Mapping Neural Microcircuits,"Ben Shababo, Brooks Paige, Ari Pakman, Liam Paninski",https://proceedings.neurips.cc/paper/2013/hash/17c276c8e723eb46aef576537e9d56d0-Abstract.html
Action is in the Eye of the Beholder: Eye-gaze Driven Model for Spatio-Temporal Action Localization,"Nataliya Shapovalova, Michalis Raptis, Leonid Sigal, Greg Mori",https://proceedings.neurips.cc/paper/2013/hash/184260348236f9554fe9375772ff966e-Abstract.html
Integrated Non-Factorized Variational Inference,"Shaobo Han, Xuejun Liao, Lawrence Carin",https://proceedings.neurips.cc/paper/2013/hash/1896a3bf730516dd643ba67b4c447d36-Abstract.html
A Gang of Bandits,"Nicolò Cesa-Bianchi, Claudio Gentile, Giovanni Zappella",https://proceedings.neurips.cc/paper/2013/hash/18997733ec258a9fcaf239cc55d53363-Abstract.html
Multiclass Total Variation Clustering,"Xavier Bresson, Thomas Laurent, David Uminsky, James von Brecht",https://proceedings.neurips.cc/paper/2013/hash/19bc916108fc6938f52cb96f7e087941-Abstract.html
Simultaneous Rectification and Alignment via Robust Recovery of Low-rank Tensors,"Xiaoqin Zhang, Di Wang, Zhengyuan Zhou, Yi Ma",https://proceedings.neurips.cc/paper/2013/hash/1aa48fc4880bb0c9b8a3bf979d3b917e-Abstract.html
BIG & QUIC: Sparse Inverse Covariance Estimation for a Million Variables,"Cho-Jui Hsieh, Matyas A. Sustik, Inderjit S. Dhillon, Pradeep K. Ravikumar, Russell Poldrack",https://proceedings.neurips.cc/paper/2013/hash/1abb1e1ea5f481b589da52303b091cbb-Abstract.html
Robust Multimodal Graph Matching: Sparse Coding Meets Graph Matching,"Marcelo Fiori, Pablo Sprechmann, Joshua Vogelstein, Pablo Muse, Guillermo Sapiro",https://proceedings.neurips.cc/paper/2013/hash/1afa34a7f984eeabdbb0a7d494132ee5-Abstract.html
Optimal integration of visual speed across different spatiotemporal frequency channels,"Matjaz Jogan, Alan A. Stocker",https://proceedings.neurips.cc/paper/2013/hash/1baff70e2669e8376347efd3a874a341-Abstract.html
Translating Embeddings for Modeling Multi-relational Data,"Antoine Bordes, Nicolas Usunier, Alberto Garcia-Duran, Jason Weston, Oksana Yakhnenko",https://proceedings.neurips.cc/paper/2013/hash/1cecc7a77928ca8133fa24680a88d2f9-Abstract.html
Synthesizing Robust Plans under Incomplete Domain Models,"Tuan A. Nguyen, Subbarao Kambhampati, Minh Do",https://proceedings.neurips.cc/paper/2013/hash/1e1d184167ca7676cf665225e236a3d2-Abstract.html
Learning Gaussian Graphical Models with Observed or Latent FVSs,"Ying Liu, Alan Willsky",https://proceedings.neurips.cc/paper/2013/hash/1f4477bad7af3616c1f933a02bfabe4e-Abstract.html
Extracting regions of interest from biological images with convolutional sparse block coding,"Marius Pachitariu, Adam M. Packer, Noah Pettit, Henry Dalgleish, Michael Hausser, Maneesh Sahani",https://proceedings.neurips.cc/paper/2013/hash/1f50893f80d6830d62765ffad7721742-Abstract.html
Training and Analysing Deep Recurrent Neural Networks,"Michiel Hermans, Benjamin Schrauwen",https://proceedings.neurips.cc/paper/2013/hash/1ff8a7b5dc7a7d1f0ed65aaa29c04b1e-Abstract.html
Low-Rank Matrix and Tensor Completion via Adaptive Sampling,"Akshay Krishnamurthy, Aarti Singh",https://proceedings.neurips.cc/paper/2013/hash/2050e03ca119580f74cca14cc6e97462-Abstract.html
Fast Determinantal Point Process Sampling with Application to Clustering,Byungkon Kang,https://proceedings.neurips.cc/paper/2013/hash/20d135f0f28185b84a4cf7aa51f29500-Abstract.html
Matrix factorization with binary components,"Martin Slawski, Matthias Hein, Pavlo Lutsik",https://proceedings.neurips.cc/paper/2013/hash/226d1f15ecd35f784d2a20c3ecf56d7f-Abstract.html
Reshaping Visual Datasets for Domain Adaptation,"Boqing Gong, Kristen Grauman, Fei Sha",https://proceedings.neurips.cc/paper/2013/hash/2291d2ec3b3048d1a6f86c2c4591b7e0-Abstract.html
Perfect Associative Learning with Spike-Timing-Dependent Plasticity,"Christian Albers, Maren Westkott, Klaus Pawelzik",https://proceedings.neurips.cc/paper/2013/hash/22fb0cee7e1f3bde58293de743871417-Abstract.html
Tracking Time-varying Graphical Structure,"Erich Kummerfeld, David Danks",https://proceedings.neurips.cc/paper/2013/hash/233509073ed3432027d48b1a83f5fbd2-Abstract.html
Phase Retrieval using Alternating Minimization,"Praneeth Netrapalli, Prateek Jain, Sujay Sanghavi",https://proceedings.neurips.cc/paper/2013/hash/242c100dc94f871b6d7215b868a875f8-Abstract.html
Unsupervised Structure Learning of Stochastic And-Or Grammars,"Kewei Tu, Maria Pavlovskaia, Song-Chun Zhu",https://proceedings.neurips.cc/paper/2013/hash/24681928425f5a9133504de568f5f6df-Abstract.html
Learning Multi-level Sparse Representations,"Ferran Diego Andilla, Fred A. Hamprecht",https://proceedings.neurips.cc/paper/2013/hash/26337353b7962f533d78c762373b3318-Abstract.html
"Estimation, Optimization, and Parallelism when Data is Sparse","John Duchi, Michael I. Jordan, Brendan McMahan",https://proceedings.neurips.cc/paper/2013/hash/2812e5cf6d8f21d69c91dddeefb792a7-Abstract.html
Predictive PAC Learning and Process Decompositions,"Cosma Shalizi, Aryeh Kontorovich",https://proceedings.neurips.cc/paper/2013/hash/28267ab848bcf807b2ed53c3a8f8fc8a-Abstract.html
Scalable Inference for Logistic-Normal Topic Models,"Jianfei Chen, Jun Zhu, Zi Wang, Xun Zheng, Bo Zhang",https://proceedings.neurips.cc/paper/2013/hash/285f89b802bcb2651801455c86d78f2a-Abstract.html
A multi-agent control framework for co-adaptation in brain-computer interfaces,"Josh S. Merel, Roy Fox, Tony Jebara, Liam Paninski",https://proceedings.neurips.cc/paper/2013/hash/286674e3082feb7e5afb92777e48821f-Abstract.html
Conditional Random Fields via Univariate Exponential Families,"Eunho Yang, Pradeep K. Ravikumar, Genevera I. Allen, Zhandong Liu",https://proceedings.neurips.cc/paper/2013/hash/28f0b864598a1291557bed248a998d4e-Abstract.html
Adaptivity to Local Smoothness and Dimension in Kernel Regression,"Samory Kpotufe, Vikas Garg",https://proceedings.neurips.cc/paper/2013/hash/28fc2782ea7ef51c1104ccf7b9bea13d-Abstract.html
Online Learning with Costly Features and Labels,"Navid Zolghadr, Gabor Bartok, Russell Greiner, András György, Csaba Szepesvari",https://proceedings.neurips.cc/paper/2013/hash/291597a100aadd814d197af4f4bab3a7-Abstract.html
"An Approximate, Efficient LP Solver for LP Rounding","Srikrishna Sridhar, Stephen Wright, Christopher Re, Ji Liu, Victor Bittorf, Ce Zhang",https://proceedings.neurips.cc/paper/2013/hash/2a50e9c2d6b89b95bcb416d6857f8b45-Abstract.html
Regression-tree Tuning in a Streaming Setting,"Samory Kpotufe, Francesco Orabona",https://proceedings.neurips.cc/paper/2013/hash/2a9d121cd9c3a1832bb6d2cc6bd7a8a7-Abstract.html
Estimating LASSO Risk and Noise Level,"Mohsen Bayati, Murat A. Erdogdu, Andrea Montanari",https://proceedings.neurips.cc/paper/2013/hash/2b8a61594b1f4c4db0902a8a395ced93-Abstract.html
Demixing odors - fast inference in olfaction,"Agnieszka Grabska-Barwinska, Jeff Beck, Alexandre Pouget, Peter Latham",https://proceedings.neurips.cc/paper/2013/hash/2bcab9d935d219641434683dd9d18a03-Abstract.html
Zero-Shot Learning Through Cross-Modal Transfer,"Richard Socher, Milind Ganjoo, Christopher D. Manning, Andrew Ng",https://proceedings.neurips.cc/paper/2013/hash/2d6cc4b2d139a53512fb8cbb3086ae2e-Abstract.html
Optimistic policy iteration and natural actor-critic: A unifying view and a non-optimality result,Paul Wagner,https://proceedings.neurips.cc/paper/2013/hash/2dace78f80bc92e6d7493423d729448e-Abstract.html
Bayesian Inference and Learning in Gaussian Process State-Space Models with Particle MCMC,"Roger Frigola, Fredrik Lindsten, Thomas B. Schön, Carl Edward Rasmussen",https://proceedings.neurips.cc/paper/2013/hash/2dffbc474aa176b6dc957938c15d0c8b-Abstract.html
Stochastic Gradient Riemannian Langevin Dynamics on the Probability Simplex,"Sam Patterson, Yee Whye Teh",https://proceedings.neurips.cc/paper/2013/hash/309928d4b100a5d75adff48a9bfc1ddb-Abstract.html
When are Overcomplete Topic Models Identifiable? Uniqueness of Tensor Tucker Decompositions with Structured Sparsity,"Anima Anandkumar, Daniel J. Hsu, Majid Janzamin, Sham M. Kakade",https://proceedings.neurips.cc/paper/2013/hash/31b3b31a1c2f8a370206f111127c0dbd-Abstract.html
Sign Cauchy Projections and Chi-Square Kernel,"Ping Li, Gennady Samorodnitsk, John Hopcroft",https://proceedings.neurips.cc/paper/2013/hash/3210ddbeaa16948a702b6049b8d9a202-Abstract.html
Transfer Learning in a Transductive Setting,"Marcus Rohrbach, Sandra Ebert, Bernt Schiele",https://proceedings.neurips.cc/paper/2013/hash/3295c76acbf4caaed33c36b1b5fc2cb1-Abstract.html
Solving inverse problem of Markov chain with partial observations,"Tetsuro Morimura, Takayuki Osogami, Tsuyoshi Ide",https://proceedings.neurips.cc/paper/2013/hash/32b30a250abd6331e03a2a1f16466346-Abstract.html
Wavelets on Graphs via Deep Learning,"Raif Rustamov, Leonidas J. Guibas",https://proceedings.neurips.cc/paper/2013/hash/33e8075e9970de0cfea955afd4644bb2-Abstract.html
Stochastic Convex Optimization with Multiple  Objectives,"Mehrdad Mahdavi, Tianbao Yang, Rong Jin",https://proceedings.neurips.cc/paper/2013/hash/3493894fa4ea036cfc6433c3e2ee63b0-Abstract.html
Bayesian Hierarchical Community Discovery,"Charles Blundell, Yee Whye Teh",https://proceedings.neurips.cc/paper/2013/hash/35cf8659cfcb13224cbd47863a34fc58-Abstract.html
Contrastive Learning Using Spectral Methods,"James Y. Zou, Daniel J. Hsu, David C. Parkes, Ryan P. Adams",https://proceedings.neurips.cc/paper/2013/hash/36a16a2505369e0c922b6ea7a23a56d2-Abstract.html
Deep Fisher Networks for Large-Scale Image Classification,"Karen Simonyan, Andrea Vedaldi, Andrew Zisserman",https://proceedings.neurips.cc/paper/2013/hash/37a749d808e46495a8da1e5352d03cae-Abstract.html
Linear Convergence with Condition Number Independent Access of Full Gradients,"Lijun Zhang, Mehrdad Mahdavi, Rong Jin",https://proceedings.neurips.cc/paper/2013/hash/37f0e884fbad9667e38940169d0a3c95-Abstract.html
Learning with Noisy Labels,"Nagarajan Natarajan, Inderjit S. Dhillon, Pradeep K. Ravikumar, Ambuj Tewari",https://proceedings.neurips.cc/paper/2013/hash/3871bd64012152bfb53fdf04b401193f-Abstract.html
Variational Policy Search via Trajectory Optimization,"Sergey Levine, Vladlen Koltun",https://proceedings.neurips.cc/paper/2013/hash/38af86134b65d0f10fe33d30dd76442e-Abstract.html
Dropout Training as Adaptive Regularization,"Stefan Wager, Sida Wang, Percy S. Liang",https://proceedings.neurips.cc/paper/2013/hash/38db3aed920cf82ab059bfccbd02be6a-Abstract.html
Prior-free and prior-dependent regret bounds for Thompson Sampling,"Sebastien Bubeck, Che-Yu Liu",https://proceedings.neurips.cc/paper/2013/hash/39461a19e9eddfb385ea76b26521ea48-Abstract.html
Geometric optimisation on positive definite matrices for elliptically contoured distributions,"Suvrit Sra, Reshad Hosseini",https://proceedings.neurips.cc/paper/2013/hash/3948ead63a9f2944218de038d8934305-Abstract.html
Capacity of strong attractor patterns to model behavioural and cognitive prototypes,Abbas Edalat,https://proceedings.neurips.cc/paper/2013/hash/39e4973ba3321b80f37d9b55f63ed8b8-Abstract.html
Manifold-based Similarity Adaptation for Label Propagation,"Masayuki Karasuyama, Hiroshi Mamitsuka",https://proceedings.neurips.cc/paper/2013/hash/3a835d3215755c435ef4fe9965a3f2a0-Abstract.html
New Subsampling Algorithms for Fast Least Squares Regression,"Paramveer Dhillon, Yichao Lu, Dean P. Foster, Lyle Ungar",https://proceedings.neurips.cc/paper/2013/hash/3cec07e9ba5f5bb252d13f5f431e4bbb-Abstract.html
A message-passing algorithm for multi-agent trajectory planning,"José Bento, Nate Derbinsky, Javier Alonso-Mora, Jonathan S. Yedidia",https://proceedings.neurips.cc/paper/2013/hash/3dd48ab31d016ffcbf3314df2b3cb9ce-Abstract.html
Solving the multi-way matching problem by permutation synchronization,"Deepti Pachauri, Risi Kondor, Vikas Singh",https://proceedings.neurips.cc/paper/2013/hash/3df1d4b96d8976ff5986393e8767f5b2-Abstract.html
Auditing: Active Learning with Outcome-Dependent Query Costs,"Sivan Sabato, Anand D. Sarwate, Nati Srebro",https://proceedings.neurips.cc/paper/2013/hash/40008b9a5380fcacce3976bf7c08af5b-Abstract.html
Restricting exchangeable nonparametric distributions,"Sinead A. Williamson, Steve N. MacEachern, Eric P. Xing",https://proceedings.neurips.cc/paper/2013/hash/4122cb13c7a474c1976c9706ae36521d-Abstract.html
On the Linear Convergence of the Proximal Gradient Method for Trace Norm Regularization,"Ke Hou, Zirui Zhou, Anthony Man-Cho So, Zhi-Quan Luo",https://proceedings.neurips.cc/paper/2013/hash/41ae36ecb9b3eee609d05b90c14222fb-Abstract.html
Eluder Dimension and the Sample Complexity of Optimistic Exploration,"Daniel Russo, Benjamin Van Roy",https://proceedings.neurips.cc/paper/2013/hash/41bfd20a38bb1b0bec75acf0845530a7-Abstract.html
Efficient Algorithm for Privately Releasing Smooth Queries,"Ziteng Wang, Kai Fan, Jiaqi Zhang, Liwei Wang",https://proceedings.neurips.cc/paper/2013/hash/428fca9bc1921c25c5121f9da7815cde-Abstract.html
Buy-in-Bulk Active Learning,"Liu Yang, Jaime Carbonell",https://proceedings.neurips.cc/paper/2013/hash/43baa6762fa81bb43b39c62553b2970d-Abstract.html
On Poisson Graphical Models,"Eunho Yang, Pradeep K. Ravikumar, Genevera I. Allen, Zhandong Liu",https://proceedings.neurips.cc/paper/2013/hash/43feaeeecd7b2fe2ae2e26d917b6477d-Abstract.html
On Sampling from the Gibbs Distribution with Random Maximum A-Posteriori Perturbations,"Tamir Hazan, Subhransu Maji, Tommi Jaakkola",https://proceedings.neurips.cc/paper/2013/hash/443cb001c138b2561a0d90720d6ce111-Abstract.html
Factorized Asymptotic Bayesian Inference for Latent Feature Models,"Kohei Hayashi, Ryohei Fujimaki",https://proceedings.neurips.cc/paper/2013/hash/45645a27c4f1adc8a7a835976064a86d-Abstract.html
Minimax Theory for High-dimensional Gaussian Mixtures with Sparse Mean Separation,"Martin Azizyan, Aarti Singh, Larry Wasserman",https://proceedings.neurips.cc/paper/2013/hash/456ac9b0d15a8b7f1e71073221059886-Abstract.html
Efficient Optimization for Sparse Gaussian Process Regression,"Yanshuai Cao, Marcus A. Brubaker, David J. Fleet, Aaron Hertzmann",https://proceedings.neurips.cc/paper/2013/hash/46922a0880a8f11f8f69cbb52b1396be-Abstract.html
Robust learning of low-dimensional dynamics from large neural ensembles,"David Pfau, Eftychios A. Pnevmatikakis, Liam Paninski",https://proceedings.neurips.cc/paper/2013/hash/47a658229eb2368a99f1d032c8848542-Abstract.html
Causal Inference on Time Series using Restricted Structural Equation Models,"Jonas Peters, Dominik Janzing, Bernhard Schölkopf",https://proceedings.neurips.cc/paper/2013/hash/47d1e990583c9c67424d369f3414728e-Abstract.html
Better Approximation and Faster Algorithm Using the Proximal Average,Yao-Liang Yu,https://proceedings.neurips.cc/paper/2013/hash/49182f81e6a13cf5eaa496d51fea6406-Abstract.html
Robust Low Rank Kernel Embeddings of Multivariate Distributions,"Le Song, Bo Dai",https://proceedings.neurips.cc/paper/2013/hash/49b8b4f95f02e055801da3b4f58e28b7-Abstract.html
Learning the Local Statistics of Optical Flow,"Dan Rosenbaum, Daniel Zoran, Yair Weiss",https://proceedings.neurips.cc/paper/2013/hash/4a213d37242bdcad8e7300e202e7caa4-Abstract.html
Fast Algorithms for Gaussian Noise Invariant Independent Component Analysis,"James R. Voss, Luis Rademacher, Mikhail Belkin",https://proceedings.neurips.cc/paper/2013/hash/4d2e7bd33c475784381a64e43e50922f-Abstract.html
Stochastic Majorization-Minimization Algorithms for Large-Scale Optimization,Julien Mairal,https://proceedings.neurips.cc/paper/2013/hash/4da04049a062f5adfe81b67dd755cecc-Abstract.html
Online Learning in Markov Decision Processes with Adversarially Chosen Transition Probability Distributions,"Yasin Abbasi Yadkori, Peter L. Bartlett, Varun Kanade, Yevgeny Seldin, Csaba Szepesvari",https://proceedings.neurips.cc/paper/2013/hash/4f284803bd0966cc24fa8683a34afc6e-Abstract.html
Improved and Generalized Upper Bounds on the Complexity of Policy Iteration,Bruno Scherrer,https://proceedings.neurips.cc/paper/2013/hash/502e4a16930e414107ee22b6198c578f-Abstract.html
Approximate Inference in Continuous Determinantal Processes,"Raja Hafiz Affandi, Emily Fox, Ben Taskar",https://proceedings.neurips.cc/paper/2013/hash/50c3d7614917b24303ee6a220679dab3-Abstract.html
Streaming Variational Bayes,"Tamara Broderick, Nicholas Boyd, Andre Wibisono, Ashia C. Wilson, Michael I. Jordan",https://proceedings.neurips.cc/paper/2013/hash/51ef186e18dc00c2d31982567235c559-Abstract.html
One-shot learning by inverting a compositional causal process,"Brenden M. Lake, Russ R. Salakhutdinov, Josh Tenenbaum",https://proceedings.neurips.cc/paper/2013/hash/52292e0c763fd027c6eba6b8f494d2eb-Abstract.html
Large Scale Distributed Sparse Precision Estimation,"Huahua Wang, Arindam Banerjee, Cho-Jui Hsieh, Pradeep K. Ravikumar, Inderjit S. Dhillon",https://proceedings.neurips.cc/paper/2013/hash/52720e003547c70561bf5e03b95aa99f-Abstract.html
Online Variational Approximations to non-Exponential Family Change Point Models: With Application to Radar Tracking,"Ryan D. Turner, Steven Bottone, Clay J. Stanek",https://proceedings.neurips.cc/paper/2013/hash/539fd53b59e3bb12d203f45a912eeaf2-Abstract.html
RNADE: The real-valued neural autoregressive density-estimator,"Benigno Uria, Iain Murray, Hugo Larochelle",https://proceedings.neurips.cc/paper/2013/hash/53adaf494dc89ef7196d73636eb2451b-Abstract.html
Estimating the Unseen: Improved Estimators for Entropy and other Properties,"Paul Valiant, Gregory Valiant",https://proceedings.neurips.cc/paper/2013/hash/53c04118df112c13a8c34b38343b9c10-Abstract.html
Dynamic Clustering via Asymptotics of the Dependent Dirichlet Process Mixture,"Trevor Campbell, Miao Liu, Brian Kulis, Jonathan P. How, Lawrence Carin",https://proceedings.neurips.cc/paper/2013/hash/53c3bce66e43be4f209556518c2fcb54-Abstract.html
Parametric Task Learning,"Ichiro Takeuchi, Tatsuya Hongo, Masashi Sugiyama, Shinichi Nakajima",https://proceedings.neurips.cc/paper/2013/hash/53e3a7161e428b65688f14b84d61c610-Abstract.html
Generalized Denoising Auto-Encoders as Generative Models,"Yoshua Bengio, Li Yao, Guillaume Alain, Pascal Vincent",https://proceedings.neurips.cc/paper/2013/hash/559cb990c9dffd8675f6bc2186971dc2-Abstract.html
Local Privacy and Minimax Bounds: Sharp Rates for Probability Estimation,"John Duchi, Martin J. Wainwright, Michael I. Jordan",https://proceedings.neurips.cc/paper/2013/hash/5807a685d1a9ab3b599035bc566ce2b9-Abstract.html
Reward Mapping for Transfer in Long-Lived Agents,"Xiaoxiao Guo, Satinder Singh, Richard L. Lewis",https://proceedings.neurips.cc/paper/2013/hash/58c54802a9fb9526cd0923353a34a7ae-Abstract.html
Distributed Exploration in Multi-Armed Bandits,"Eshcar Hillel, Zohar S. Karnin, Tomer Koren, Ronny Lempel, Oren Somekh",https://proceedings.neurips.cc/paper/2013/hash/598b3e71ec378bd83e0a727608b5db01-Abstract.html
It is all in the noise: Efficient multi-task Gaussian process inference with structured residuals,"Barbara Rakitsch, Christoph Lippert, Karsten Borgwardt, Oliver Stegle",https://proceedings.neurips.cc/paper/2013/hash/59c33016884a62116be975a9bb8257e3-Abstract.html
Projecting Ising Model Parameters for Fast Mixing,"Justin Domke, Xianghang Liu",https://proceedings.neurips.cc/paper/2013/hash/5a4b25aaed25c2ee1b74de72dc03c14e-Abstract.html
Low-rank matrix reconstruction and clustering via approximate message passing,"Ryosuke Matsushita, Toshiyuki Tanaka",https://proceedings.neurips.cc/paper/2013/hash/5b69b9cb83065d403869739ae7f0995e-Abstract.html
Inverse Density as an Inverse Problem: the Fredholm Equation Approach,"Qichao Que, Mikhail Belkin",https://proceedings.neurips.cc/paper/2013/hash/5c572eca050594c7bc3c36e7e8ab9550-Abstract.html
Modeling Overlapping Communities with Node Popularities,"Prem K. Gopalan, Chong Wang, David Blei",https://proceedings.neurips.cc/paper/2013/hash/5caf41d62364d5b41a893adc1a9dd5d4-Abstract.html
Reflection methods for user-friendly submodular optimization,"Stefanie Jegelka, Francis Bach, Suvrit Sra",https://proceedings.neurips.cc/paper/2013/hash/5dd9db5e033da9c6fb5ba83c7a7ebea9-Abstract.html
Compressive Feature Learning,"Hristo S. Paskov, Robert West, John C. Mitchell, Trevor Hastie",https://proceedings.neurips.cc/paper/2013/hash/5e1b18c4c6a6d31695acbae3fd70ecc6-Abstract.html
Sparse nonnegative deconvolution for compressive calcium imaging: algorithms and phase transitions,"Eftychios A. Pnevmatikakis, Liam Paninski",https://proceedings.neurips.cc/paper/2013/hash/5e9f92a01c986bafcabbafd145520b13-Abstract.html
Probabilistic Low-Rank Matrix Completion with Adaptive Spectral Regularization Algorithms,"Adrien Todeschini, François Caron, Marie Chavent",https://proceedings.neurips.cc/paper/2013/hash/5ef0b4eba35ab2d6180b0bca7e46b6f9-Abstract.html
Global Solver and Its Efficient Approximation for Variational Bayesian Low-rank Subspace Clustering,"Shinichi Nakajima, Akiko Takeda, S. Derin Babacan, Masashi Sugiyama, Ichiro Takeuchi",https://proceedings.neurips.cc/paper/2013/hash/5f2c22cb4a5380af7ca75622a6426917-Abstract.html
Reservoir Boosting : Between Online and Offline Ensemble Learning,"Leonidas Lefakis, François Fleuret",https://proceedings.neurips.cc/paper/2013/hash/6081594975a764c8e3a691fa2b3a321d-Abstract.html
Faster Ridge Regression via the Subsampled Randomized Hadamard Transform,"Yichao Lu, Paramveer Dhillon, Dean P. Foster, Lyle Ungar",https://proceedings.neurips.cc/paper/2013/hash/621bf66ddb7c962aa0d22ac97d69b793-Abstract.html
Convex Relaxations for Permutation Problems,"Fajwel Fogel, Rodolphe Jenatton, Francis Bach, Alexandre D'Aspremont",https://proceedings.neurips.cc/paper/2013/hash/647bba344396e7c8170902bcf2e15551-Abstract.html
Online Learning of Dynamic Parameters in Social Networks,"Shahin Shahrampour, Sasha Rakhlin, Ali Jadbabaie",https://proceedings.neurips.cc/paper/2013/hash/65cc2c8205a05d7379fa3a6386f710e1-Abstract.html
Discovering Hidden Variables in Noisy-Or Networks using Quartet Tests,"Yacine Jernite, Yonatan Halpern, David Sontag",https://proceedings.neurips.cc/paper/2013/hash/678a1491514b7f1006d605e9161946b1-Abstract.html
Gaussian Process Conditional Copulas with Applications to Financial Time Series,"José Miguel Hernández-Lobato, James R. Lloyd, Daniel Hernández-Lobato",https://proceedings.neurips.cc/paper/2013/hash/67d16d00201083a2b118dd5128dd6f59-Abstract.html
Non-Uniform Camera Shake Removal Using a Spatially-Adaptive Sparse Penalty,"Haichao Zhang, David Wipf",https://proceedings.neurips.cc/paper/2013/hash/67d96d458abdef21792e6d8e590244e7-Abstract.html
Online learning in episodic Markovian decision processes by relative entropy policy search,"Alexander Zimin, Gergely Neu",https://proceedings.neurips.cc/paper/2013/hash/68053af2923e00204c3ca7c6a3150cf7-Abstract.html
Bayesian inference for low rank spatiotemporal neural receptive fields,"Mijung Park, Jonathan W. Pillow",https://proceedings.neurips.cc/paper/2013/hash/68a83eeb494a308fe5295da69428a507-Abstract.html
Global MAP-Optimality by Shrinking the Combinatorial Search Area with Convex Relaxation,"Bogdan Savchynskyy, Jörg Hendrik Kappes, Paul Swoboda, Christoph Schnörr",https://proceedings.neurips.cc/paper/2013/hash/692f93be8c7a41525c0baf2076aecfb4-Abstract.html
Error-Minimizing Estimates and Universal Entry-Wise Error Bounds for Low-Rank Matrix Completion,"Franz Kiraly, Louis Theran",https://proceedings.neurips.cc/paper/2013/hash/69a5b5995110b36a9a347898d97a610e-Abstract.html
Decision Jungles: Compact and Rich Models for Classification,"Jamie Shotton, Toby Sharp, Pushmeet Kohli, Sebastian Nowozin, John Winn, Antonio Criminisi",https://proceedings.neurips.cc/paper/2013/hash/69adc1e107f7f7d035d7baf04342e1ca-Abstract.html
Bayesian Estimation of Latently-grouped Parameters in Undirected Graphical Models,"Jie Liu, David Page",https://proceedings.neurips.cc/paper/2013/hash/6a10bbd480e4c5573d8f3af73ae0454b-Abstract.html
(More) Efficient Reinforcement Learning via Posterior Sampling,"Ian Osband, Daniel Russo, Benjamin Van Roy",https://proceedings.neurips.cc/paper/2013/hash/6a5889bb0190d0211a991f47bb19a777-Abstract.html
Forgetful Bayes and myopic planning: Human learning and decision-making in a bandit setting,"Shunan Zhang, Angela J. Yu",https://proceedings.neurips.cc/paper/2013/hash/6c14da109e294d1e8155be8aa4b1ce8e-Abstract.html
Stochastic Optimization of PCA with Capped MSG,"Raman Arora, Andy Cotter, Nati Srebro",https://proceedings.neurips.cc/paper/2013/hash/6d0f846348a856321729a2f36734d1a7-Abstract.html
Embed and Project: Discrete Sampling with Universal Hashing,"Stefano Ermon, Carla P. Gomes, Ashish Sabharwal, Bart Selman",https://proceedings.neurips.cc/paper/2013/hash/6d70cb65d15211726dcce4c0e971e21c-Abstract.html
Optimal Neural Population Codes for High-dimensional Stimulus Variables,"Zhuo Wang, Alan A. Stocker, Daniel D. Lee",https://proceedings.neurips.cc/paper/2013/hash/6da9003b743b65f4c0ccd295cc484e57-Abstract.html
Near-Optimal Entrywise Sampling for Data Matrices,"Dimitris Achlioptas, Zohar S. Karnin, Edo Liberty",https://proceedings.neurips.cc/paper/2013/hash/6e0721b2c6977135b916ef286bcb49ec-Abstract.html
A Comparative Framework for Preconditioned Lasso Algorithms,"Fabian L. Wauthier, Nebojsa Jojic, Michael I. Jordan",https://proceedings.neurips.cc/paper/2013/hash/6e2713a6efee97bacb63e52c54f0ada0-Abstract.html
Universal models for binary spike patterns using centered Dirichlet processes,"Il Memming Park, Evan W. Archer, Kenneth Latimer, Jonathan W. Pillow",https://proceedings.neurips.cc/paper/2013/hash/6e7d2da6d3953058db75714ac400b584-Abstract.html
What Are the Invariant Occlusive Components of Image Patches? A Probabilistic Generative Approach,"Zhenwen Dai, Georgios Exarchakis, Jörg Lücke",https://proceedings.neurips.cc/paper/2013/hash/6f3ef77ac0e3619e98159e9b6febf557-Abstract.html
Correlations strike back (again): the case of associative memory retrieval,"Cristina Savin, Peter Dayan, Mate Lengyel",https://proceedings.neurips.cc/paper/2013/hash/705f2172834666788607efbfca35afb3-Abstract.html
Understanding Dropout,"Pierre Baldi, Peter J. Sadowski",https://proceedings.neurips.cc/paper/2013/hash/71f6278d140af599e06ad9bf1ba03cb0-Abstract.html
Supervised Sparse Analysis and Synthesis Operators,"Pablo Sprechmann, Roee Litman, Tal Ben Yakar, Alexander M. Bronstein, Guillermo Sapiro",https://proceedings.neurips.cc/paper/2013/hash/7380ad8a673226ae47fce7bff88e9c33-Abstract.html
The Pareto Regret Frontier,Wouter M. Koolen,https://proceedings.neurips.cc/paper/2013/hash/74071a673307ca7459bcf75fbd024e09-Abstract.html
Approximate Dynamic Programming Finally Performs Well in the Game of Tetris,"Victor Gabillon, Mohammad Ghavamzadeh, Bruno Scherrer",https://proceedings.neurips.cc/paper/2013/hash/7504adad8bb96320eb3afdd4df6e1f60-Abstract.html
Learning Feature Selection Dependencies in Multi-task Learning,"Daniel Hernández-Lobato, José Miguel Hernández-Lobato",https://proceedings.neurips.cc/paper/2013/hash/75fc093c0ee742f6dddaa13fff98f104-Abstract.html
Dimension-Free Exponentiated Gradient,Francesco Orabona,https://proceedings.neurips.cc/paper/2013/hash/7634ea65a4e6d9041cfd3f7de18e334a-Abstract.html
"Memory Limited, Streaming PCA","Ioannis Mitliagkas, Constantine Caramanis, Prateek Jain",https://proceedings.neurips.cc/paper/2013/hash/76cf99d3614e23eabab16fb27e944bf9-Abstract.html
Σ-Optimality for Active Learning on Gaussian Random Fields,"Yifei Ma, Roman Garnett, Jeff Schneider",https://proceedings.neurips.cc/paper/2013/hash/7810ccd41bf26faaa2c4e1f20db70a71-Abstract.html
Recurrent linear models of simultaneously-recorded neural   populations,"Marius Pachitariu, Biljana Petreska, Maneesh Sahani",https://proceedings.neurips.cc/paper/2013/hash/7895fc13088ee37f511913bac71fa66f-Abstract.html
On the Complexity and Approximation of Binary Evidence in Lifted Inference,"Guy Van den Broeck, Adnan Darwiche",https://proceedings.neurips.cc/paper/2013/hash/7940ab47468396569a906f75ff3f20ef-Abstract.html
Pass-efficient unsupervised feature selection,"Crystal Maung, Haim Schweitzer",https://proceedings.neurips.cc/paper/2013/hash/7a53928fa4dd31e82c6ef826f341daec-Abstract.html
Adaptive dropout for training deep neural networks,"Jimmy Ba, Brendan Frey",https://proceedings.neurips.cc/paper/2013/hash/7b5b23f4aadf9513306bcd59afb6e4c9-Abstract.html
On the Representational Efficiency of Restricted Boltzmann Machines,"James Martens, Arkadev Chattopadhya, Toni Pitassi, Richard Zemel",https://proceedings.neurips.cc/paper/2013/hash/7bb060764a818184ebb1cc0d43d382aa-Abstract.html
Robust Spatial Filtering with Beta Divergence,"Wojciech Samek, Duncan Blythe, Klaus-Robert Müller, Motoaki Kawanabe",https://proceedings.neurips.cc/paper/2013/hash/7bcdf75ad237b8e02e301f4091fb6bc8-Abstract.html
DeViSE: A Deep Visual-Semantic Embedding Model,"Andrea Frome, Greg S. Corrado, Jon Shlens, Samy Bengio, Jeff Dean, Marc'Aurelio Ranzato, Tomas Mikolov",https://proceedings.neurips.cc/paper/2013/hash/7cce53cf90577442771720a370c3c723-Abstract.html
Symbolic Opportunistic Policy Iteration for Factored-Action MDPs,"Aswin Raghavan, Roni Khardon, Alan Fern, Prasad Tadepalli",https://proceedings.neurips.cc/paper/2013/hash/7d771e0e8f3633ab54856925ecdefc5d-Abstract.html
Least Informative Dimensions,"Fabian Sinz, Anna Stockl, Jan Grewe, Jan Benda",https://proceedings.neurips.cc/paper/2013/hash/7f100b7b36092fb9b06dfb4fac360931-Abstract.html
A memory frontier for complex synapses,"Subhaneil Lahiri, Surya Ganguli",https://proceedings.neurips.cc/paper/2013/hash/7f24d240521d99071c93af3917215ef7-Abstract.html
Data-driven Distributionally Robust Polynomial Optimization,"Martin Mevissen, Emanuele Ragnoli, Jia Yuan Yu",https://proceedings.neurips.cc/paper/2013/hash/7f39f8317fbdb1988ef4c628eba02591-Abstract.html
Learning Stochastic Inverses,"Andreas Stuhlmüller, Jacob Taylor, Noah Goodman",https://proceedings.neurips.cc/paper/2013/hash/7f53f8c6c730af6aeb52e66eb74d8507-Abstract.html
Stochastic Ratio Matching of RBMs for Sparse High-Dimensional Inputs,"Yann Dauphin, Yoshua Bengio",https://proceedings.neurips.cc/paper/2013/hash/7f5d04d189dfb634e6a85bb9d9adf21e-Abstract.html
Distributed $k$-means and $k$-median Clustering on General Topologies,"Maria-Florina F. Balcan, Steven Ehrlich, Yingyu Liang",https://proceedings.neurips.cc/paper/2013/hash/7f975a56c761db6506eca0b37ce6ec87-Abstract.html
Non-strongly-convex smooth stochastic approximation with convergence rate O(1/n),"Francis Bach, Eric Moulines",https://proceedings.neurips.cc/paper/2013/hash/7fe1f8abaad094e0b5cb1b01d712f708-Abstract.html
Predicting Parameters in Deep Learning,"Misha Denil, Babak Shakibi, Laurent Dinh, Marc'Aurelio Ranzato, Nando de Freitas",https://proceedings.neurips.cc/paper/2013/hash/7fec306d1e665bc9c748b5d2b99a6e97-Abstract.html
Estimation Bias in Multi-Armed Bandit Algorithms for Search Advertising,"Min Xu, Tao Qin, Tie-Yan Liu",https://proceedings.neurips.cc/paper/2013/hash/801c14f07f9724229175b8ef8b4585a8-Abstract.html
Learning Efficient Random Maximum A-Posteriori Predictors with Non-Decomposable Loss Functions,"Tamir Hazan, Subhransu Maji, Joseph Keshet, Tommi Jaakkola",https://proceedings.neurips.cc/paper/2013/hash/8065d07da4a77621450aa84fee5656d9-Abstract.html
q-OCSVM: A q-Quantile Estimator for High-Dimensional Distributions,"Assaf Glazer, Michael Lindenbaum, Shaul Markovitch",https://proceedings.neurips.cc/paper/2013/hash/819f46e52c25763a55cc642422644317-Abstract.html
Fantope Projection and Selection: A near-optimal convex relaxation of sparse PCA,"Vincent Q. Vu, Juhee Cho, Jing Lei, Karl Rohe",https://proceedings.neurips.cc/paper/2013/hash/81e5f81db77c596492e6f1a5a792ed53-Abstract.html
Fast Template Evaluation with Vector Quantization,"Mohammad Amin Sadeghi, David Forsyth",https://proceedings.neurips.cc/paper/2013/hash/82965d4ed8150294d4330ace00821d77-Abstract.html
Sparse Additive Text Models with Low Rank Background,Lei Shi,https://proceedings.neurips.cc/paper/2013/hash/82aa4b0af34c2313a562076992e50aa3-Abstract.html
Correlated random features for fast semi-supervised learning,"Brian McWilliams, David Balduzzi, Joachim M. Buhmann",https://proceedings.neurips.cc/paper/2013/hash/839ab46820b524afda05122893c2fe8e-Abstract.html
Variational Planning for Graph-based MDPs,"Qiang Cheng, Qiang Liu, Feng Chen, Alexander T. Ihler",https://proceedings.neurips.cc/paper/2013/hash/83adc9225e4deb67d7ce42d58fe5157c-Abstract.html
Adaptive Anonymity via $b$-Matching,"Krzysztof M. Choromanski, Tony Jebara, Kui Tang",https://proceedings.neurips.cc/paper/2013/hash/83cdcec08fbf90370fcf53bdd56604ff-Abstract.html
Statistical Active Learning Algorithms,"Maria-Florina F. Balcan, Vitaly Feldman",https://proceedings.neurips.cc/paper/2013/hash/84117275be999ff55a987b9381e01f96-Abstract.html
The Power of Asymmetry in Binary Hashing,"Behnam Neyshabur, Nati Srebro, Russ R. Salakhutdinov, Yury Makarychev, Payman Yadollahpour",https://proceedings.neurips.cc/paper/2013/hash/84438b7aae55a0638073ef798e50b4ef-Abstract.html
Bayesian Mixture Modelling and Inference based Thompson Sampling in Monte-Carlo Tree Search,"Aijun Bai, Feng Wu, Xiaoping Chen",https://proceedings.neurips.cc/paper/2013/hash/846c260d715e5b854ffad5f70a516c88-Abstract.html
Distributed Submodular Maximization: Identifying Representative Elements in Massive Data,"Baharan Mirzasoleiman, Amin Karbasi, Rik Sarkar, Andreas Krause",https://proceedings.neurips.cc/paper/2013/hash/84d2004bf28a2095230e8e14993d398d-Abstract.html
Analyzing the Harmonic Structure in Graph-Based Learning,"Xiao-Ming Wu, Zhenguo Li, Shih-Fu Chang",https://proceedings.neurips.cc/paper/2013/hash/856fc81623da2150ba2210ba1b51d241-Abstract.html
Near-optimal Anomaly Detection in Graphs using Lovasz Extended Scan Statistic,"James L. Sharpnack, Akshay Krishnamurthy, Aarti Singh",https://proceedings.neurips.cc/paper/2013/hash/860320be12a1c050cd7731794e231bd3-Abstract.html
Bellman Error Based Feature Generation using Random Projections on Sparse Spaces,"Mahdi Milani Fard, Yuri Grinberg, Amir-massoud Farahmand, Joelle Pineau, Doina Precup",https://proceedings.neurips.cc/paper/2013/hash/86e8f7ab32cfd12577bc2619bc635690-Abstract.html
Similarity Component Analysis,"Soravit Changpinyo, Kuan Liu, Fei Sha",https://proceedings.neurips.cc/paper/2013/hash/872488f88d1b2db54d55bc8bba2fad1b-Abstract.html
Matrix Completion From any Given Set of Observations,"Troy Lee, Adi Shraibman",https://proceedings.neurips.cc/paper/2013/hash/892c91e0a653ba19df81a90f89d99bcd-Abstract.html
A Deep Architecture for Matching Short Texts,"Zhengdong Lu, Hang Li",https://proceedings.neurips.cc/paper/2013/hash/8a0e1141fd37fa5b98d5bb769ba1a7cc-Abstract.html
Sensor Selection in High-Dimensional Gaussian Trees with Nuisances,"Daniel S. Levine, Jonathan P. How",https://proceedings.neurips.cc/paper/2013/hash/8a1e808b55fde9455cb3d8857ed88389-Abstract.html
The Total Variation on Hypergraphs - Learning on Hypergraphs Revisited,"Matthias Hein, Simon Setzer, Leonardo Jost, Syama Sundar Rangapuram",https://proceedings.neurips.cc/paper/2013/hash/8a3363abe792db2d8761d6403605aeb7-Abstract.html
Lasso Screening Rules via Dual Polytope Projection,"Jie Wang, Jiayu Zhou, Peter Wonka, Jieping Ye",https://proceedings.neurips.cc/paper/2013/hash/8b16ebc056e613024c057be590b542eb-Abstract.html
Multiscale Dictionary Learning for Estimating Conditional Distributions,"Francesca Petralia, Joshua T. Vogelstein, David B. Dunson",https://proceedings.neurips.cc/paper/2013/hash/8b5040a8a5baf3e0e67386c2e3a9b903-Abstract.html
Dirty Statistical Models,"Eunho Yang, Pradeep K. Ravikumar",https://proceedings.neurips.cc/paper/2013/hash/8bf1211fd4b7b94528899de0a43b9fb3-Abstract.html
Online Learning of Nonparametric Mixture Models via Sequential Variational Approximation,Dahua Lin,https://proceedings.neurips.cc/paper/2013/hash/8c19f571e251e61cb8dd3612f26d5ecf-Abstract.html
Exact and Stable Recovery of Pairwise Interaction Tensors,"Shouyuan Chen, Michael R. Lyu, Irwin King, Zenglin Xu",https://proceedings.neurips.cc/paper/2013/hash/8c235f89a8143a28a1d6067e959dd858-Abstract.html
A* Lasso for Learning a Sparse Bayesian Network Structure for Continuous Variables,"Jing Xiang, Seyoung Kim",https://proceedings.neurips.cc/paper/2013/hash/8ce6790cc6a94e65f17f908f462fae85-Abstract.html
High-Dimensional Gaussian Process Bandits,"Josip Djolonga, Andreas Krause, Volkan Cevher",https://proceedings.neurips.cc/paper/2013/hash/8d34201a5b85900908db6cae92723617-Abstract.html
Generalizing Analytic Shrinkage for Arbitrary Covariance Structures,"Daniel Bartz, Klaus-Robert Müller",https://proceedings.neurips.cc/paper/2013/hash/8d6dc35e506fc23349dd10ee68dabb64-Abstract.html
"Higher Order Priors for Joint Intrinsic Image, Objects, and Attributes Estimation","Vibhav Vineet, Carsten Rother, Philip Torr",https://proceedings.neurips.cc/paper/2013/hash/8dd48d6a2e2cad213179a3992c0be53c-Abstract.html
Online Robust PCA via Stochastic Optimization,"Jiashi Feng, Huan Xu, Shuicheng Yan",https://proceedings.neurips.cc/paper/2013/hash/8f121ce07d74717e0b1f21d122e04521-Abstract.html
Compete to Compute,"Rupesh K. Srivastava, Jonathan Masci, Sohrob Kazerounian, Faustino Gomez, Jürgen Schmidhuber",https://proceedings.neurips.cc/paper/2013/hash/8f1d43620bc6bb580df6e80b0dc05c48-Abstract.html
Heterogeneous-Neighborhood-based Multi-Task Local Learning Algorithms,Yu Zhang,https://proceedings.neurips.cc/paper/2013/hash/8f468c873a32bb0619eaeb2050ba45d1-Abstract.html
Scalable Influence Estimation in Continuous-Time Diffusion Networks,"Nan Du, Le Song, Manuel Gomez Rodriguez, Hongyuan Zha",https://proceedings.neurips.cc/paper/2013/hash/8fb21ee7a2207526da55a679f0332de2-Abstract.html
More data speeds up training time in learning halfspaces over sparse vectors,"Amit Daniely, Nati Linial, Shai Shalev-Shwartz",https://proceedings.neurips.cc/paper/2013/hash/903ce9225fca3e988c2af215d4e544d3-Abstract.html
Top-Down Regularization of Deep Belief Networks,"Hanlin Goh, Nicolas Thome, Matthieu Cord, Joo-Hwee Lim",https://proceedings.neurips.cc/paper/2013/hash/9232fe81225bcaef853ae32870a2b0fe-Abstract.html
Polar Operators for Structured Sparse Estimation,"Xinhua Zhang, Yao-Liang Yu, Dale Schuurmans",https://proceedings.neurips.cc/paper/2013/hash/92cc227532d17e56e07902b254dfad10-Abstract.html
Learning with Invariance via Linear Functionals on Reproducing Kernel Hilbert Space,"Xinhua Zhang, Wee Sun Lee, Yee Whye Teh",https://proceedings.neurips.cc/paper/2013/hash/93d65641ff3f1586614cf2c1ad240b6c-Abstract.html
Real-Time Inference for a Gamma Process Model of Neural Spiking,"David E. Carlson, Vinayak Rao, Joshua T. Vogelstein, Lawrence Carin",https://proceedings.neurips.cc/paper/2013/hash/944bdd9636749a0801c39b6e449dbedc-Abstract.html
Direct 0-1 Loss Minimization and Margin Maximization with Boosting,"Shaodan Zhai, Tian Xia, Ming Tan, Shaojun Wang",https://proceedings.neurips.cc/paper/2013/hash/9461cce28ebe3e76fb4b931c35a169b0-Abstract.html
Marginals-to-Models Reducibility,"Tim Roughgarden, Michael Kearns",https://proceedings.neurips.cc/paper/2013/hash/94c7bb58efc3b337800875b5d382a072-Abstract.html
Sketching Structured Matrices for Faster Nonlinear Regression,"Haim Avron, Vikas Sindhwani, David Woodruff",https://proceedings.neurips.cc/paper/2013/hash/9683cc5f89562ea48e72bb321d9f03fb-Abstract.html
Variance Reduction for Stochastic Gradient Optimization,"Chong Wang, Xi Chen, Alexander J. Smola, Eric P. Xing",https://proceedings.neurips.cc/paper/2013/hash/9766527f2b5d3e95d4a733fcfb77bd7e-Abstract.html
On Decomposing the Proximal Map,Yao-Liang Yu,https://proceedings.neurips.cc/paper/2013/hash/98dce83da57b0395e163467c9dae521b-Abstract.html
Documents as multiple overlapping windows into grids of counts,"Alessandro Perina, Nebojsa Jojic, Manuele Bicego, Andrzej Truski",https://proceedings.neurips.cc/paper/2013/hash/98f13708210194c475687be6106a3b84-Abstract.html
Robust Sparse Principal Component Regression under the High Dimensional Elliptical Model,"Fang Han, Han Liu",https://proceedings.neurips.cc/paper/2013/hash/9908279ebbf1f9b250ba689db6a0222b-Abstract.html
Optimizing Instructional Policies,"Robert V. Lindsey, Michael C. Mozer, William J. Huggins, Harold Pashler",https://proceedings.neurips.cc/paper/2013/hash/995665640dc319973d3173a74a03860c-Abstract.html
Adaptive Market Making via Online Learning,"Jacob Abernethy, Satyen Kale",https://proceedings.neurips.cc/paper/2013/hash/995e1fda4a2b5f55ef0df50868bf2a8f-Abstract.html
Learning Prices for Repeated Auctions with Strategic Buyers,"Kareem Amin, Afshin Rostamizadeh, Umar Syed",https://proceedings.neurips.cc/paper/2013/hash/996a7fa078cc36c46d02f9af3bef918b-Abstract.html
Multilinear Dynamical Systems for Tensor Time Series,"Mark Rogers, Lei Li, Stuart J. Russell",https://proceedings.neurips.cc/paper/2013/hash/9996535e07258a7bbfd8b132435c5962-Abstract.html
Computing the Stationary Distribution Locally,"Christina E. Lee, Asuman Ozdaglar, Devavrat Shah",https://proceedings.neurips.cc/paper/2013/hash/99bcfcd754a98ce89cb86f73acc04645-Abstract.html
Latent Maximum Margin Clustering,"Guang-Tong Zhou, Tian Lan, Arash Vahdat, Greg Mori",https://proceedings.neurips.cc/paper/2013/hash/9a1158154dfa42caddbd0694a4e9bdc8-Abstract.html
Hierarchical Modular Optimization of Convolutional Networks Achieves Representations Similar to Macaque IT and Human Ventral Stream,"Daniel L. Yamins, Ha Hong, Charles Cadieu, James J. DiCarlo",https://proceedings.neurips.cc/paper/2013/hash/9a1756fd0c741126d7bbd4b692ccbd91-Abstract.html
Online PCA for Contaminated Data,"Jiashi Feng, Huan Xu, Shie Mannor, Shuicheng Yan",https://proceedings.neurips.cc/paper/2013/hash/9a96876e2f8f3dc4f3cf45f02c61c0c1-Abstract.html
Distributed Representations of Words and Phrases and their Compositionality,"Tomas Mikolov, Ilya Sutskever, Kai Chen, Greg S. Corrado, Jeff Dean",https://proceedings.neurips.cc/paper/2013/hash/9aa42b31882ec039965f3c4923ce901b-Abstract.html
Learning Multiple Models via Regularized Weighting,"Daniel Vainsencher, Shie Mannor, Huan Xu",https://proceedings.neurips.cc/paper/2013/hash/9ab0d88431732957a618d4a469a0d4c3-Abstract.html
Discriminative Transfer Learning with Tree-based Priors,"Nitish Srivastava, Russ R. Salakhutdinov",https://proceedings.neurips.cc/paper/2013/hash/9ac403da7947a183884c18a67d3aa8de-Abstract.html
Machine Teaching for Bayesian Learners in the Exponential Family,Jerry Zhu,https://proceedings.neurips.cc/paper/2013/hash/9c01802ddb981e6bcfbec0f0516b8e35-Abstract.html
Online Learning with Switching Costs and Other Adaptive Adversaries,"Nicolò Cesa-Bianchi, Ofer Dekel, Ohad Shamir",https://proceedings.neurips.cc/paper/2013/hash/9cf81d8026a9018052c429cc4e56739b-Abstract.html
From Bandits to Experts: A Tale of Domination and Independence,"Noga Alon, Nicolò Cesa-Bianchi, Claudio Gentile, Yishay Mansour",https://proceedings.neurips.cc/paper/2013/hash/9e3cfc48eccf81a0d57663e129aef3cb-Abstract.html
Which Space Partitioning Tree to Use for Search?,"Parikshit Ram, Alexander Gray",https://proceedings.neurips.cc/paper/2013/hash/a01a0380ca3c61428c26a231f0e49a09-Abstract.html
Small-Variance Asymptotics for Hidden Markov Models,"Anirban Roychowdhury, Ke Jiang, Brian Kulis",https://proceedings.neurips.cc/paper/2013/hash/a0e2a2c563d57df27213ede1ac4ac780-Abstract.html
Sparse Overlapping Sets Lasso for Multitask Learning and its Application to fMRI Analysis,"Nikhil Rao, Christopher Cox, Rob Nowak, Timothy T. Rogers",https://proceedings.neurips.cc/paper/2013/hash/a1519de5b5d44b31a01de013b9b51a80-Abstract.html
Submodular Optimization with Submodular Cover and Submodular Knapsack Constraints,"Rishabh K. Iyer, Jeff A. Bilmes",https://proceedings.neurips.cc/paper/2013/hash/a1d50185e7426cbb0acad1e6ca74b9aa-Abstract.html
Model Selection for High-Dimensional Regression under the Generalized Irrepresentability Condition,"Adel Javanmard, Andrea Montanari",https://proceedings.neurips.cc/paper/2013/hash/a223c6b3710f85df22e9377d6c4f7553-Abstract.html
Scalable kernels for graphs with continuous attributes,"Aasa Feragen, Niklas Kasenburg, Jens Petersen, Marleen de Bruijne, Karsten Borgwardt",https://proceedings.neurips.cc/paper/2013/hash/a2557a7b2e94197ff767970b67041697-Abstract.html
Bayesian optimization explains human active search,"Ali Borji, Laurent Itti",https://proceedings.neurips.cc/paper/2013/hash/a3f390d88e4c41f2747bfa2f1b5f87db-Abstract.html
"B-test: A Non-parametric, Low Variance Kernel Two-sample Test","Wojciech Zaremba, Arthur Gretton, Matthew Blaschko",https://proceedings.neurips.cc/paper/2013/hash/a49e9411d64ff53eccfdd09ad10a15b3-Abstract.html
Moment-based Uniform Deviation Bounds for $k$-means and Friends,"Matus J. Telgarsky, Sanjoy Dasgupta",https://proceedings.neurips.cc/paper/2013/hash/a50abba8132a77191791390c3eb19fe7-Abstract.html
Convex Calibrated Surrogates for Low-Rank Loss Matrices with Applications to Subset Ranking Losses,"Harish G. Ramaswamy, Shivani Agarwal, Ambuj Tewari",https://proceedings.neurips.cc/paper/2013/hash/a5cdd4aa0048b187f7182f1b9ce7a6a7-Abstract.html
Auxiliary-variable Exact Hamiltonian Monte Carlo Samplers for Binary Distributions,"Ari Pakman, Liam Paninski",https://proceedings.neurips.cc/paper/2013/hash/a7d8ae4569120b5bec12e7b6e9648b86-Abstract.html
Spectral methods for neural characterization using generalized quadratic models,"Il Memming Park, Evan W. Archer, Nicholas Priebe, Jonathan W. Pillow",https://proceedings.neurips.cc/paper/2013/hash/a8240cb8235e9c493a0c30607586166c-Abstract.html
A Latent Source Model for Nonparametric Time Series Classification,"George H. Chen, Stanislav Nikolov, Devavrat Shah",https://proceedings.neurips.cc/paper/2013/hash/a8849b052492b5106526b2331e526138-Abstract.html
PAC-Bayes-Empirical-Bernstein Inequality,"Ilya O. Tolstikhin, Yevgeny Seldin",https://proceedings.neurips.cc/paper/2013/hash/a97da629b098b75c294dffdc3e463904-Abstract.html
Convex Two-Layer Modeling,"Özlem Aslan, Hao Cheng, Xinhua Zhang, Dale Schuurmans",https://proceedings.neurips.cc/paper/2013/hash/a9be4c2a4041cadbf9d61ae16dd1389e-Abstract.html
The Randomized Dependence Coefficient,"David Lopez-Paz, Philipp Hennig, Bernhard Schölkopf",https://proceedings.neurips.cc/paper/2013/hash/aab3238922bcc25a6f606eb525ffdc56-Abstract.html
Sparse Inverse Covariance Estimation with Calibration,"Tuo Zhao, Han Liu",https://proceedings.neurips.cc/paper/2013/hash/aace49c7d80767cffec0e513ae886df0-Abstract.html
Thompson Sampling for 1-Dimensional Exponential Family Bandits,"Nathaniel Korda, Emilie Kaufmann, Remi Munos",https://proceedings.neurips.cc/paper/2013/hash/aba3b6fd5d186d28e06ff97135cade7f-Abstract.html
Accelerating Stochastic Gradient Descent using Predictive Variance Reduction,"Rie Johnson, Tong Zhang",https://proceedings.neurips.cc/paper/2013/hash/ac1dd209cbcc5e5d1c6e28598e8cbbe8-Abstract.html
"Multisensory Encoding, Decoding, and Identification","Aurel A. Lazar, Yevgeniy Slutskiy",https://proceedings.neurips.cc/paper/2013/hash/ac796a52db3f16bbdb6557d3d89d1c5a-Abstract.html
Learning invariant representations and applications to face verification,"Qianli Liao, Joel Z. Leibo, Tomaso Poggio",https://proceedings.neurips.cc/paper/2013/hash/ad3019b856147c17e82a5bead782d2a8-Abstract.html
Optimistic Concurrency Control for Distributed Unsupervised Learning,"Xinghao Pan, Joseph E. Gonzalez, Stefanie Jegelka, Tamara Broderick, Michael I. Jordan",https://proceedings.neurips.cc/paper/2013/hash/ae0eb3eed39d2bcef4622b2499a05fe6-Abstract.html
Statistical analysis of coupled time series with Kernel Cross-Spectral Density operators.,"Michel Besserve, Nikos K. Logothetis, Bernhard Schölkopf",https://proceedings.neurips.cc/paper/2013/hash/ae5e3ce40e0404a45ecacaaf05e5f735-Abstract.html
Sinkhorn Distances: Lightspeed Computation of Optimal Transport,Marco Cuturi,https://proceedings.neurips.cc/paper/2013/hash/af21d0c97db2e27e13572cbf59eb343d-Abstract.html
Nonparametric Multi-group Membership Model for Dynamic Networks,"Myunghwan Kim, Jure Leskovec",https://proceedings.neurips.cc/paper/2013/hash/afd4836712c5e77550897e25711e1d96-Abstract.html
EDML for Learning Parameters in Directed and Undirected Graphical Models,"Khaled S. Refaat, Arthur Choi, Adnan Darwiche",https://proceedings.neurips.cc/paper/2013/hash/b056eb1587586b71e2da9acfe4fbd19e-Abstract.html
Flexible sampling of discrete data correlations without the marginal distributions,"Alfredo Kalaitzis, Ricardo Silva",https://proceedings.neurips.cc/paper/2013/hash/b20bb95ab626d93fd976af958fbc61ba-Abstract.html
Designed Measurements for Vector Count Data,"Liming Wang, David E. Carlson, Miguel Rodrigues, David Wilcox, Robert Calderbank, Lawrence Carin",https://proceedings.neurips.cc/paper/2013/hash/b2f627fff19fda463cb386442eac2b3d-Abstract.html
Reasoning With Neural Tensor Networks for Knowledge Base Completion,"Richard Socher, Danqi Chen, Christopher D. Manning, Andrew Ng",https://proceedings.neurips.cc/paper/2013/hash/b337e84de8752b27eda3a12363109e80-Abstract.html
Deep content-based music recommendation,"Aaron van den Oord, Sander Dieleman, Benjamin Schrauwen",https://proceedings.neurips.cc/paper/2013/hash/b3ba8f1bee1238a2f37603d90b58898d-Abstract.html
What do row and column marginals reveal about your dataset?,"Behzad Golshan, John Byers, Evimaria Terzi",https://proceedings.neurips.cc/paper/2013/hash/b4d168b48157c623fbd095b4a565b5bb-Abstract.html
Analyzing Hogwild Parallel Gaussian Gibbs Sampling,"Matthew J. Johnson, James Saunderson, Alan Willsky",https://proceedings.neurips.cc/paper/2013/hash/b51a15f382ac914391a58850ab343b00-Abstract.html
Latent Structured Active Learning,"Wenjie Luo, Alex Schwing, Raquel Urtasun",https://proceedings.neurips.cc/paper/2013/hash/b6f0479ae87d244975439c6124592772-Abstract.html
Confidence Intervals and Hypothesis Testing for High-Dimensional Statistical Models,"Adel Javanmard, Andrea Montanari",https://proceedings.neurips.cc/paper/2013/hash/b73dfe25b4b8714c029b37a6ad3006fa-Abstract.html
Stochastic blockmodel approximation of a graphon: Theory and consistent estimation,"Edo M. Airoldi, Thiago B. Costa, Stanley H. Chan",https://proceedings.neurips.cc/paper/2013/hash/b7b16ecf8ca53723593894116071700c-Abstract.html
More Effective Distributed ML via a Stale Synchronous Parallel Parameter Server,"Qirong Ho, James Cipar, Henggang Cui, Seunghak Lee, Jin Kyu Kim, Phillip B. Gibbons, Garth A. Gibson, Greg Ganger, Eric P. Xing",https://proceedings.neurips.cc/paper/2013/hash/b7bb35b9c6ca2aee2df08cf09d7016c2-Abstract.html
On Algorithms for Sparse Multi-factor NMF,"Siwei Lyu, Xin Wang",https://proceedings.neurips.cc/paper/2013/hash/bac9162b47c56fc8a4d2a519803d51b3-Abstract.html
Efficient Exploration and Value Function Generalization in Deterministic Systems,"Zheng Wen, Benjamin Van Roy",https://proceedings.neurips.cc/paper/2013/hash/bad5f33780c42f2588878a9d07405083-Abstract.html
Parallel Sampling of DP Mixture Models using Sub-Cluster Splits,"Jason Chang, John W. Fisher III",https://proceedings.neurips.cc/paper/2013/hash/bca82e41ee7b0833588399b1fcd177c7-Abstract.html
Context-sensitive active sensing in humans,"Sheeraz Ahmad, He Huang, Angela J. Yu",https://proceedings.neurips.cc/paper/2013/hash/bcc0d400288793e8bdcd7c19a8ac0c2b-Abstract.html
On the Sample Complexity of Subspace Learning,"Alessandro Rudi, Guillermo D. Canas, Lorenzo Rosasco",https://proceedings.neurips.cc/paper/2013/hash/bdb106a0560c4e46ccc488ef010af787-Abstract.html
Non-Linear Domain Adaptation with Boosting,"Carlos J. Becker, Christos M. Christoudias, Pascal Fua",https://proceedings.neurips.cc/paper/2013/hash/c042f4db68f23406c6cecf84a7ebb0fe-Abstract.html
Learning Trajectory Preferences for  Manipulators via Iterative Improvement,"Ashesh Jain, Brian Wojcik, Thorsten Joachims, Ashutosh Saxena",https://proceedings.neurips.cc/paper/2013/hash/c058f544c737782deacefa532d9add4c-Abstract.html
Learning Chordal Markov Networks by Constraint Satisfaction,"Jukka Corander, Tomi Janhunen, Jussi Rintanen, Henrik Nyman, Johan Pensar",https://proceedings.neurips.cc/paper/2013/hash/c06d06da9666a219db15cf575aff2824-Abstract.html
Curvature and Optimal Algorithms for Learning and Minimizing Submodular Functions,"Rishabh K. Iyer, Stefanie Jegelka, Jeff A. Bilmes",https://proceedings.neurips.cc/paper/2013/hash/c1e39d912d21c91dce811d6da9929ae8-Abstract.html
A New Convex Relaxation for Tensor Completion,"Bernardino Romera-Paredes, Massimiliano Pontil",https://proceedings.neurips.cc/paper/2013/hash/c26820b8a4c1b3c2aa868d6d57e14a79-Abstract.html
DESPOT: Online POMDP Planning with Regularization,"Adhiraj Somani, Nan Ye, David Hsu, Wee Sun Lee",https://proceedings.neurips.cc/paper/2013/hash/c2aee86157b4a40b78132f1e71a9e6f1-Abstract.html
Speeding up Permutation Testing in Neuroimaging,"Chris Hinrichs, Vamsi K. Ithapu, Qinyuan Sun, Sterling C. Johnson, Vikas Singh",https://proceedings.neurips.cc/paper/2013/hash/c3c59e5f8b3e9753913f4d435b53c308-Abstract.html
Neural representation of action sequences: how far can a simple snippet-matching model take us?,"Cheston Tan, Jedediah M. Singer, Thomas Serre, David Sheinberg, Tomaso Poggio",https://proceedings.neurips.cc/paper/2013/hash/c3e878e27f52e2a57ace4d9a76fd9acf-Abstract.html
Modeling Clutter Perception using Parametric Proto-object Partitioning,"Chen-Ping Yu, Wen-Yu Hua, Dimitris Samaras, Greg Zelinsky",https://proceedings.neurips.cc/paper/2013/hash/c45147dee729311ef5b5c3003946c48f-Abstract.html
Relevance Topic Model for Unstructured Social Group Activity Recognition,"Fang Zhao, Yongzhen Huang, Liang Wang, Tieniu Tan",https://proceedings.neurips.cc/paper/2013/hash/c4851e8e264415c4094e4e85b0baa7cc-Abstract.html
Generalized Random Utility Models with Multiple Types,"Hossein Azari Soufiani, Hansheng Diao, Zhenyu Lai, David C. Parkes",https://proceedings.neurips.cc/paper/2013/hash/c7e1249ffc03eb9ded908c236bd1996d-Abstract.html
(Nearly) Optimal Algorithms for Private Online Learning in Full-information and Bandit Settings,"Abhradeep Guha Thakurta, Adam Smith",https://proceedings.neurips.cc/paper/2013/hash/c850371fda6892fbfd1c5a5b457e5777-Abstract.html
The Fast Convergence of Incremental PCA,"Akshay Balsubramani, Sanjoy Dasgupta, Yoav Freund",https://proceedings.neurips.cc/paper/2013/hash/c913303f392ffc643f7240b180602652-Abstract.html
Point Based Value Iteration with Optimal Belief Compression for Dec-POMDPs,"Liam C. MacDermed, Charles L. Isbell",https://proceedings.neurips.cc/paper/2013/hash/c9e1074f5b3f9fc8ea15d152add07294-Abstract.html
Summary Statistics for Partitionings and Feature Allocations,"Isik B. Fidaner, Taylan Cemgil",https://proceedings.neurips.cc/paper/2013/hash/ca46c1b9512a7a8315fa3c5a946e8265-Abstract.html
Learning Hidden Markov Models from Non-sequence Data via Tensor Decomposition,"Tzu-Kuo Huang, Jeff Schneider",https://proceedings.neurips.cc/paper/2013/hash/cb70ab375662576bd1ac5aaf16b3fca4-Abstract.html
On Flat versus Hierarchical Classification in Large-Scale Taxonomies,"Rohit Babbar, Ioannis Partalas, Eric Gaussier, Massih R. Amini",https://proceedings.neurips.cc/paper/2013/hash/cbb6a3b884f4f88b3a8e3d44c636cbd8-Abstract.html
Scoring Workers in Crowdsourcing: How Many Control Questions are Enough?,"Qiang Liu, Alexander T. Ihler, Mark Steyvers",https://proceedings.neurips.cc/paper/2013/hash/cc1aa436277138f61cda703991069eaf-Abstract.html
Cluster Trees on Manifolds,"Sivaraman Balakrishnan, Srivatsan Narayanan, Alessandro Rinaldo, Aarti Singh, Larry Wasserman",https://proceedings.neurips.cc/paper/2013/hash/cd758e8f59dfdf06a852adad277986ca-Abstract.html
Bayesian inference as iterated random functions with  applications to sequential inference in graphical models,"Arash Amini, XuanLong Nguyen",https://proceedings.neurips.cc/paper/2013/hash/d10ec7c16cbe9de8fbb1c42787c3ec26-Abstract.html
Recurrent networks of coupled Winner-Take-All oscillators for solving constraint satisfaction problems,"Hesham Mostafa, Lorenz. K. Mueller, Giacomo Indiveri",https://proceedings.neurips.cc/paper/2013/hash/d1f255a373a3cef72e03aa9d980c7eca-Abstract.html
Rapid Distance-Based Outlier Detection via Sampling,"Mahito Sugiyama, Karsten Borgwardt",https://proceedings.neurips.cc/paper/2013/hash/d296c101daa88a51f6ca8cfc1ac79b50-Abstract.html
Visual Concept Learning: Combining Machine Vision and Bayesian Generalization on Concept Hierarchies,"Yangqing Jia, Joshua T. Abbott, Joseph L. Austerweil, Tom Griffiths, Trevor Darrell",https://proceedings.neurips.cc/paper/2013/hash/d2ed45a52bc0edfa11c2064e9edee8bf-Abstract.html
Memoized Online Variational Inference for Dirichlet Process Mixture Models,"Michael C. Hughes, Erik Sudderth",https://proceedings.neurips.cc/paper/2013/hash/d490d7b4576290fa60eb31b5fc917ad1-Abstract.html
Locally Adaptive Bayesian Multivariate Time Series,"Daniele Durante, Bruno Scarpa, David B. Dunson",https://proceedings.neurips.cc/paper/2013/hash/d554f7bb7be44a7267068a7df88ddd20-Abstract.html
"When in Doubt, SWAP: High-Dimensional Sparse Recovery from Correlated Measurements","Divyanshu Vats, Richard Baraniuk",https://proceedings.neurips.cc/paper/2013/hash/d64a340bcb633f536d56e51874281454-Abstract.html
Information-theoretic lower bounds for distributed statistical estimation with communication constraints,"Yuchen Zhang, John Duchi, Michael I. Jordan, Martin J. Wainwright",https://proceedings.neurips.cc/paper/2013/hash/d6ef5f7fa914c19931a55bb262ec879c-Abstract.html
Learning Stochastic Feedforward Neural Networks,"Charlie Tang, Russ R. Salakhutdinov",https://proceedings.neurips.cc/paper/2013/hash/d81f9c1be2e08964bf9f24b15f0e4900-Abstract.html
Robust Transfer Principal Component Analysis with Rank Constraints,Yuhong Guo,https://proceedings.neurips.cc/paper/2013/hash/d86ea612dec96096c5e0fcc8dd42ab6d-Abstract.html
A Determinantal Point Process Latent Variable Model for Inhibition in Neural Spiking Data,"Jasper Snoek, Richard Zemel, Ryan P. Adams",https://proceedings.neurips.cc/paper/2013/hash/d93ed5b6db83be78efb0d05ae420158e-Abstract.html
Reciprocally Coupled Local Estimators Implement Bayesian Information Integration Distributively,"Wen-Hao Zhang, Si Wu",https://proceedings.neurips.cc/paper/2013/hash/d9d4f495e875a2e075a1a4a6e1b9770f-Abstract.html
Structured Learning via Logistic Regression,Justin Domke,https://proceedings.neurips.cc/paper/2013/hash/d9fc5b73a8d78fad3d6dffe419384e70-Abstract.html
Learning word embeddings efficiently with noise-contrastive estimation,"Andriy Mnih, Koray Kavukcuoglu",https://proceedings.neurips.cc/paper/2013/hash/db2b4182156b2f1f817860ac9f409ad7-Abstract.html
Generalized Method-of-Moments for Rank Aggregation,"Hossein Azari Soufiani, William Chen, David C. Parkes, Lirong Xia",https://proceedings.neurips.cc/paper/2013/hash/dc4c44f624d600aa568390f1f1104aa0-Abstract.html
"Reconciling ""priors"" & ""priors"" without prejudice?","Remi Gribonval, Pierre Machart",https://proceedings.neurips.cc/paper/2013/hash/dc58e3a306451c9d670adcd37004f48f-Abstract.html
Learning a Deep Compact Image Representation for Visual Tracking,"Naiyan Wang, Dit-Yan Yeung",https://proceedings.neurips.cc/paper/2013/hash/dc6a6489640ca02b0d42dabeb8e46bb7-Abstract.html
Trading Computation for Communication: Distributed Stochastic Dual Coordinate Ascent,Tianbao Yang,https://proceedings.neurips.cc/paper/2013/hash/dc912a253d1e9ba40e2c597ed2376640-Abstract.html
Projected Natural Actor-Critic,"Philip S. Thomas, William C. Dabney, Stephen Giguere, Sridhar Mahadevan",https://proceedings.neurips.cc/paper/2013/hash/dd77279f7d325eec933f05b1672f6a1f-Abstract.html
Minimax Optimal Algorithms for Unconstrained Linear Optimization,"Brendan McMahan, Jacob Abernethy",https://proceedings.neurips.cc/paper/2013/hash/e00406144c1e7e35240afed70f34166a-Abstract.html
Policy Shaping: Integrating Human Feedback with Reinforcement Learning,"Shane Griffith, Kaushik Subramanian, Jonathan Scholz, Charles L. Isbell, Andrea L. Thomaz",https://proceedings.neurips.cc/paper/2013/hash/e034fb6b66aacc1d48f445ddfb08da98-Abstract.html
Regret based Robust Solutions for Uncertain Markov Decision Processes,"Asrar Ahmed, Pradeep Varakantham, Yossiri Adulyasak, Patrick Jaillet",https://proceedings.neurips.cc/paper/2013/hash/e1e32e235eee1f970470a3a6658dfdd5-Abstract.html
Understanding variable importances in forests of randomized trees,"Gilles Louppe, Louis Wehenkel, Antonio Sutera, Pierre Geurts",https://proceedings.neurips.cc/paper/2013/hash/e3796ae838835da0b6f6ea37bcf8bcb7-Abstract.html
Linear decision rule as aspiration for simple decision heuristics,Özgür Şimşek,https://proceedings.neurips.cc/paper/2013/hash/e48e13207341b6bffb7fb1622282247b-Abstract.html
Adaptive Multi-Column Deep Neural Networks with Application to Robust Image Denoising,"Forest Agostinelli, Michael R. Anderson, Honglak Lee",https://proceedings.neurips.cc/paper/2013/hash/e49b8b4053df9505e1f48c3a701c0682-Abstract.html
Probabilistic Movement Primitives,"Alexandros Paraschos, Christian Daniel, Jan R. Peters, Gerhard Neumann",https://proceedings.neurips.cc/paper/2013/hash/e53a0a2978c28872a4505bdb51db06dc-Abstract.html
Speedup Matrix Completion with Side Information: Application to Multi-Label Learning,"Miao Xu, Rong Jin, Zhi-Hua Zhou",https://proceedings.neurips.cc/paper/2013/hash/e58cc5ca94270acaceed13bc82dfedf7-Abstract.html
Message Passing Inference with Chemical Reaction Networks,"Nils E. Napp, Ryan P. Adams",https://proceedings.neurips.cc/paper/2013/hash/e5e63da79fcd2bebbd7cb8bf1c1d0274-Abstract.html
Binary to Bushy: Bayesian Hierarchical Clustering with the Beta Coalescent,"Yuening Hu, Jordan L. Ying, Hal Daume III, Z. Irene Ying",https://proceedings.neurips.cc/paper/2013/hash/e5f6ad6ce374177eef023bf5d0c018b6-Abstract.html
A Stability-based Validation Procedure for Differentially Private Machine Learning,"Kamalika Chaudhuri, Staal A. Vinterbo",https://proceedings.neurips.cc/paper/2013/hash/e6d8545daa42d5ced125a4bf747b3688-Abstract.html
Unsupervised Spectral Learning of Finite State Transducers,"Raphael Bailly, Xavier Carreras, Ariadna Quattoni",https://proceedings.neurips.cc/paper/2013/hash/e836d813fd184325132fca8edcdfb40e-Abstract.html
One-shot learning and big data with n=2,"Lee H. Dicker, Dean P. Foster",https://proceedings.neurips.cc/paper/2013/hash/e96ed478dab8595a7dbda4cbcbee168f-Abstract.html
Mapping paradigm ontologies to and from the brain,"Yannick Schwartz, Bertrand Thirion, Gael Varoquaux",https://proceedings.neurips.cc/paper/2013/hash/e97ee2054defb209c35fe4dc94599061-Abstract.html
Density estimation from unweighted k-nearest neighbor graphs: a roadmap,"Ulrike Von Luxburg, Morteza Alamgir",https://proceedings.neurips.cc/paper/2013/hash/eae27d77ca20db309e056e3d2dcd7d69-Abstract.html
Actor-Critic Algorithms for Risk-Sensitive MDPs,"Prashanth L.A., Mohammad Ghavamzadeh",https://proceedings.neurips.cc/paper/2013/hash/eb163727917cbba1eea208541a643e74-Abstract.html
Probabilistic Principal Geodesic Analysis,"Miaomiao Zhang, Tom Fletcher",https://proceedings.neurips.cc/paper/2013/hash/eb6fdc36b281b7d5eabf33396c2683a2-Abstract.html
k-Prototype Learning for 3D Rigid Structures,"Hu Ding, Ronald Berezney, Jinhui Xu",https://proceedings.neurips.cc/paper/2013/hash/eb86d510361fc23b59f18c1bc9802cc6-Abstract.html
Learning Adaptive Value of Information for Structured Prediction,"David J. Weiss, Ben Taskar",https://proceedings.neurips.cc/paper/2013/hash/ebd9629fc3ae5e9f6611e2ee05a31cef-Abstract.html
Spike train entropy-rate estimation using hierarchical Dirichlet process priors,"Karin C. Knudson, Jonathan W. Pillow",https://proceedings.neurips.cc/paper/2013/hash/eddb904a6db773755d2857aacadb1cb0-Abstract.html
Regularized M-estimators with nonconvexity: Statistical and algorithmic theory for local optima,"Po-Ling Loh, Martin J. Wainwright",https://proceedings.neurips.cc/paper/2013/hash/ef0d3930a7b6c95bd2b32ed45989c61f-Abstract.html
Robust Data-Driven Dynamic Programming,"Grani Adiwena Hanasusanto, Daniel Kuhn",https://proceedings.neurips.cc/paper/2013/hash/ef575e8837d065a1683c022d2077d342-Abstract.html
Provable Subspace Clustering: When LRR meets SSC,"Yu-Xiang Wang, Huan Xu, Chenlei Leng",https://proceedings.neurips.cc/paper/2013/hash/f033ab37c30201f73f142449d037028d-Abstract.html
"Optimization, Learning, and Games with Predictable Sequences","Sasha Rakhlin, Karthik Sridharan",https://proceedings.neurips.cc/paper/2013/hash/f0dd4a99fba6075a9494772b58f95280-Abstract.html
Beyond Pairwise: Provably Fast Algorithms for Approximate $k$-Way  Similarity Search,"Anshumali Shrivastava, Ping Li",https://proceedings.neurips.cc/paper/2013/hash/f1b6f2857fb6d44dd73c7041e0aa0f19-Abstract.html
Firing rate predictions in optimal balanced networks,"David G. Barrett, Sophie Denève, Christian K. Machens",https://proceedings.neurips.cc/paper/2013/hash/f2201f5191c4e92cc5af043eebfd0946-Abstract.html
Multi-Task Bayesian Optimization,"Kevin Swersky, Jasper Snoek, Ryan P. Adams",https://proceedings.neurips.cc/paper/2013/hash/f33ba15effa5c10e873bf3842afb46a6-Abstract.html
Using multiple samples to learn mixture models,"Jason D. Lee, Ran Gilad-Bachrach, Rich Caruana",https://proceedings.neurips.cc/paper/2013/hash/f340f1b1f65b6df5b5e3f94d95b11daf-Abstract.html
First-order Decomposition Trees,"Nima Taghipour, Jesse Davis, Hendrik Blockeel",https://proceedings.neurips.cc/paper/2013/hash/f387624df552cea2f369918c5e1e12bc-Abstract.html
Noise-Enhanced Associative Memories,"Amin Karbasi, Amir Hesam Salavati, Amin Shokrollahi, Lav R. Varshney",https://proceedings.neurips.cc/paper/2013/hash/f4552671f8909587cf485ea990207f3b-Abstract.html
Adaptive Submodular Maximization in Bandit Setting,"Victor Gabillon, Branislav Kveton, Zheng Wen, Brian Eriksson, S. Muthukrishnan",https://proceedings.neurips.cc/paper/2013/hash/f4573fc71c731d5c362f0d7860945b88-Abstract.html
Approximate inference in latent Gaussian-Markov models from continuous time observations,"Botond Cseke, Manfred Opper, Guido Sanguinetti",https://proceedings.neurips.cc/paper/2013/hash/f4be00279ee2e0a53eafdaa94a151e2c-Abstract.html
Lexical and Hierarchical Topic Regression,"Viet-An Nguyen, Jordan L. Ying, Philip Resnik",https://proceedings.neurips.cc/paper/2013/hash/f5deaeeae1538fb6c45901d524ee2f98-Abstract.html
Adaptive Step-Size for Policy Gradient Methods,"Matteo Pirotta, Marcello Restelli, Luca Bascetta",https://proceedings.neurips.cc/paper/2013/hash/f64eac11f2cd8f0efa196f8ad173178e-Abstract.html
Mixed Optimization for Smooth Functions,"Mehrdad Mahdavi, Lijun Zhang, Rong Jin",https://proceedings.neurips.cc/paper/2013/hash/f73b76ce8949fe29bf2a537cfa420e8f-Abstract.html
Deep Neural Networks for Object Detection,"Christian Szegedy, Alexander Toshev, Dumitru Erhan",https://proceedings.neurips.cc/paper/2013/hash/f7cade80b7cc92b991cf4d2806d6bd78-Abstract.html
A simple example of Dirichlet process mixture inconsistency for the number of components,"Jeffrey W. Miller, Matthew T. Harrison",https://proceedings.neurips.cc/paper/2013/hash/f7e6c85504ce6e82442c770f7c8606f0-Abstract.html
Learning Kernels Using Local Rademacher Complexity,"Corinna Cortes, Marius Kloft, Mehryar Mohri",https://proceedings.neurips.cc/paper/2013/hash/f91e24dfe80012e2a7984afa4480a6d6-Abstract.html
Bayesian entropy estimation for binary spike train data using parametric prior knowledge,"Evan W. Archer, Il Memming Park, Jonathan W. Pillow",https://proceedings.neurips.cc/paper/2013/hash/f9a40a4780f5e1306c46f1c8daecee3b-Abstract.html
Mid-level Visual Element Discovery as Discriminative Mode Seeking,"Carl Doersch, Abhinav Gupta, Alexei A. Efros",https://proceedings.neurips.cc/paper/2013/hash/f9b902fc3289af4dd08de5d1de54f68f-Abstract.html
Approximate Bayesian Image Interpretation using Generative Probabilistic Graphics Programs,"Vikash K. Mansinghka, Tejas D. Kulkarni, Yura N. Perov, Josh Tenenbaum",https://proceedings.neurips.cc/paper/2013/hash/fa14d4fe2f19414de3ebd9f63d5c0169-Abstract.html
Annealing between distributions by averaging moments,"Roger B. Grosse, Chris J. Maddison, Russ R. Salakhutdinov",https://proceedings.neurips.cc/paper/2013/hash/fb60d411a5c5b72b2e7d3527cfc84fd0-Abstract.html
Blind Calibration in Compressed Sensing using Message Passing Algorithms,"Christophe Schulke, Francesco Caltagirone, Florent Krzakala, Lenka Zdeborová",https://proceedings.neurips.cc/paper/2013/hash/fb7b9ffa5462084c5f4e7e85a093e6d7-Abstract.html
Active Learning for Probabilistic Hypotheses Using the Maximum Gibbs Error Criterion,"Nguyen Viet Cuong, Wee Sun Lee, Nan Ye, Kian Ming A. Chai, Hai Leong Chieu",https://proceedings.neurips.cc/paper/2013/hash/fb89705ae6d743bf1e848c206e16a1d7-Abstract.html
Two-Target Algorithms  for Infinite-Armed   Bandits with Bernoulli Rewards,"Thomas Bonald, Alexandre Proutiere",https://proceedings.neurips.cc/paper/2013/hash/fc2c7c47b918d0c2d792a719dfb602ef-Abstract.html
Learning to Prune in Metric and Non-Metric Spaces,"Leonid Boytsov, Bilegsaikhan Naidan",https://proceedings.neurips.cc/paper/2013/hash/fc8001f834f6a5f0561080d134d53d29-Abstract.html
Learning from Limited Demonstrations,"Beomjoon Kim, Amir-massoud Farahmand, Joelle Pineau, Doina Precup",https://proceedings.neurips.cc/paper/2013/hash/fd5c905bcd8c3348ad1b35d7231ee2b1-Abstract.html
Aggregating Optimistic Planning Trees for Solving Markov Decision Processes,"Gunnar Kedenburg, Raphael Fonteneau, Remi Munos",https://proceedings.neurips.cc/paper/2013/hash/fe709c654eac84d5239d1a12a4f71877-Abstract.html
Action from Still Image Dataset and Inverse Optimal Control to Learn Task Specific Visual Scanpaths,"Stefan Mathe, Cristian Sminchisescu",https://proceedings.neurips.cc/paper/2013/hash/fec8d47d412bcbeece3d9128ae855a7a-Abstract.html
How to Hedge an Option Against an Adversary: Black-Scholes Pricing is Minimax Optimal,"Jacob Abernethy, Peter L. Bartlett, Rafael Frongillo, Andre Wibisono",https://proceedings.neurips.cc/paper/2013/hash/ffeed84c7cb1ae7bf4ec4bd78275bb98-Abstract.html
